estimator_idx,estimator_weight,estimator_error
0,0.09146497251324957,0.28604930278098006
1,0.08231847526192469,0.30508804380988674
2,0.07408662773573221,0.3228147418071271
3,0.06667796496215889,0.33921830572991135
4,0.060010168465943065,0.3543204302712067
5,0.06219309017842922,0.34934242544030314
6,0.05734026717813865,0.36045204739745096
7,0.0591122642657356,0.3563773094284268
8,0.054854914722545126,0.36620108338356877
9,0.05627363960458928,0.36291454719122035
10,0.05253592958244838,0.3715999074393166
11,0.053652447538233373,0.3689964476100341
12,0.05036748364574254,0.3766774580207472
13,0.044884952624658844,0.38963433628570043
14,0.05390030766352726,0.3684195225059855
15,0.04856159285662637,0.3809268852950743
16,0.04766505753110423,0.38304335440798076
17,0.04670051668735666,0.38532532494210947
18,0.045858316373218605,0.3873219905774063
19,0.04151478371023137,0.39767841111140734
20,0.047649207021303056,0.38308081320826365
21,0.04288428631917282,0.39440267897801284
22,0.04355254707069853,0.39280767495530305
23,0.03961587037393825,0.40223560145434767
24,0.04177226458418489,0.39706182920543076
25,0.03759503812576635,0.4071039859706654
26,0.04351276431003048,0.39290256478561236
27,0.0391614878790274,0.4033286120301378
28,0.04016537739301694,0.40091506785794917
29,0.035889867068366756,0.41122619283178696
30,0.04041296455465707,0.4003205537758979
31,0.036343952731108235,0.41012720910589984
32,0.03827831460380254,0.40545581184564206
33,0.034226135802353175,0.41526027095882323
34,0.03774650482360228,0.4067384418057196
35,0.034087797746900836,0.4155962216173888
36,0.03054015236194695,0.4242375697941185
37,0.03006602208300113,0.42539609465676
38,0.034441296442192536,0.4147379151019472
39,0.04370314761960437,0.3924485359235924
40,0.027856195018363863,0.4308063683343295
41,0.028889236474091546,0.4282750561172166
42,0.02719790127397378,0.4324213149514511
43,0.028012858690618377,0.4304222515495494
44,0.03804098469507126,0.4060280507692178
45,0.027595070557589408,0.43144679282623005
46,0.025134823403593215,0.4374916806325525
47,0.02672625359073191,0.43357926151167225
48,0.035626986808318606,0.4118628246470998
49,0.02643253887116405,0.4343007306866575
50,0.024389599709396553,0.439326468019023
51,0.028582714212496335,0.4290257572889182
52,0.03727693339012126,0.40787202273497175
53,0.023783323310773475,0.4408203852594476
54,0.02417192333190466,0.43986271630289475
55,0.023275040129860435,0.4420736662706806
56,0.0235399154539975,0.44142046635029536
57,0.022786170597405165,0.44327977542847685
58,0.02310829534546038,0.4424849728093517
59,0.02233146775881774,0.44440219144526777
60,0.022699026339856786,0.44349484309818993
61,0.021874833496450984,0.4455299463582697
62,0.02208372228667453,0.44501398098052986
63,0.03134022472480976,0.4222845068828196
64,0.022126845883145688,0.4449074783420639
65,0.020459905063860834,0.4490279242768488
66,0.02197160796104621,0.4452908941021603
67,0.020036336400586906,0.4500760657037003
68,0.02136780470201539,0.44678281819990406
69,0.02005183628478883,0.450037702609124
70,0.03022905268410522,0.42499764056887457
71,0.02607045867552918,0.4351905130608735
72,0.01990424193011535,0.4504030310730956
73,0.01972928040789335,0.4508361685466056
74,0.01947735204251177,0.4514599770775916
75,0.019431366933399186,0.45157385891963314
76,0.019101107675913283,0.4523918922687872
77,0.018915000232137467,0.45285298341422336
78,0.02773059744963956,0.4311143756747114
79,0.01928612203146339,0.45193359028815094
80,0.01781396974302388,0.45558247479129943
81,0.01896000133078285,0.4527414833381015
82,0.017544789240836054,0.4562501947717384
83,0.018536325350880813,0.4537914196975016
84,0.017308687246389256,0.45683599089555316
85,0.018116716494464787,0.45483168238791793
86,0.025725216363455563,0.43603930680751285
87,0.01838185761952822,0.4541743180342064
88,0.016561397643832767,0.458690881594367
89,0.020790273588396174,0.44821072479974067
90,0.027103168998657175,0.4326538341998852
91,0.016614927419557873,0.45855797355243244
92,0.016964828810920648,0.4576893562670552
93,0.016327790289435748,0.45927096931871697
94,0.016519323730279225,0.45879535022494894
95,0.01606767688813942,0.4599170059985026
96,0.0163362591702858,0.45924993767551237
97,0.015850300979835998,0.4604570001445123
98,0.016744263141599783,0.45823687276831704
99,0.01561358476926072,0.4610451440390663
100,0.022534173609274684,0.44390174926394005
101,0.020280756248347187,0.4494711821141222
102,0.018252680623512534,0.45449456672919275
103,0.016427412561161352,0.45902357628586166
104,0.015158484853726457,0.4621761863370656
105,0.01602671506454704,0.4600187541149678
106,0.014956260635503194,0.46267889206038576
107,0.015651987287796862,0.4609497219222264
108,0.014746255192351128,0.46320102130644103
109,0.015299855270473806,0.4618248016458242
110,0.024821217710373822,0.438263592066632
111,0.015756321711590006,0.4606904874691147
112,0.014180689540430972,0.4646075657292593
113,0.023742895448375042,0.44092004142293345
114,0.014683600859648989,0.463356812282101
115,0.013947552795991427,0.46518753485477116
116,0.014371474862878465,0.46413302443331084
117,0.023599037663869497,0.44127469469359354
118,0.01484084215977817,0.4629658429547185
119,0.013356757943800403,0.4666576601817317
120,0.02353996828958785,0.44142033607440945
121,0.013930269261725782,0.4652305344885618
122,0.013164244255170597,0.4671368348157934
123,0.013635942012856846,0.46596286885782207
124,0.022292692583784347,0.4444979328598972
125,0.014089690084000052,0.46483393176387067
126,0.012680721075599956,0.4683406097099718
127,0.02135625591662947,0.44681136326926735
128,0.013170251870949296,0.467121880687382
129,0.01247734480847841,0.46884704433648416
130,0.01290116966983959,0.46779173634772087
131,0.021247639277883694,0.4470798475520671
132,0.01335649066239705,0.46665832541390095
133,0.012020841596157274,0.46998403169454467
134,0.02122452989308953,0.447136974524283
135,0.012567866974944015,0.4686216238162884
136,0.011811548034005243,0.4705054125156928
137,0.01230862088949394,0.46926723864387204
138,0.020132676500668245,0.4498376281199149
139,0.01274388561272686,0.4681833346263828
140,0.011469497051454162,0.47135764951390224
141,0.019322269455133812,0.4518440584282991
142,0.01193504226244889,0.47019776250375656
143,0.011236108605911095,0.47193924456016384
144,0.01169543520680687,0.4707946943571027
145,0.019245574772468976,0.4520340235960092
146,0.012128638285347753,0.4697155198888726
147,0.020308683363370314,0.44940207832648493
148,0.01238728004068544,0.469071338449455
149,0.017832797584337565,0.45553577703627646
150,0.012640021526352789,0.46844195194901045
151,0.011376019373717426,0.4715905830517552
152,0.018068574182236275,0.45495105857368656
153,0.011753216354819608,0.47065073676461483
154,0.010577894719337686,0.47357989356515295
155,0.01814465636487387,0.4547624036094284
156,0.011044878413635849,0.47241583971201295
157,0.010073233832355172,0.47483818823879875
158,0.010803831986306982,0.4730166613501563
159,0.019255549154204882,0.45200931724397364
160,0.011131286127925667,0.47220048303679363
161,0.016765949842769166,0.45818303475372396
162,0.011433651112088475,0.4714469712039988
163,0.010290286000879563,0.474296961782334
164,0.016932195970671013,0.4577703552952975
165,0.010693765827275024,0.4732910334764333
166,0.009624389244547511,0.47595758254018267
167,0.016308595254702723,0.4593186388604913
168,0.010051035506234011,0.47489354382173743
169,0.018140953694942435,0.45477158452671074
170,0.010381716082111128,0.4740689959817356
171,0.009343544473899948,0.4766581179187745
172,0.016531086531169484,0.45876614307587693
173,0.009814934325169715,0.47548234317657606
174,0.014789552173936703,0.46309336688189867
175,0.00999777454014666,0.47502636228780326
176,0.015293648333180808,0.4618402285690679
177,0.010302762196885626,0.4742658538156266
178,0.016537285720927494,0.45875075054137604
179,0.010497693411196957,0.47377984123873823
180,0.009447924070077189,0.47639774400116613
181,0.015092566469629585,0.4623400433214452
182,0.009794495482908054,0.47553331767644424
183,0.00881504593461732,0.4779766443636796
184,0.01518203280431538,0.4621176538688043
185,0.009234719315313347,0.4769295947577016
186,0.008371305360690535,0.4790839499278201
187,0.0090402874864034,0.47741466108444097
188,0.016136461074236094,0.45974615536913427
189,0.01239192301983002,0.46905977543210786
190,0.010322649413402255,0.47421626773062187
191,0.013079936434127672,0.4673466996564962
192,0.010416302556244057,0.4739827631359737
193,0.0065599553520825395,0.4836059902286465
194,0.006803344185914254,0.4829981968362698
195,0.0065412261444205465,0.4836527630539946
196,0.006735893157234881,0.4831666313583433
197,0.00925370451081065,0.47688223302403077
198,0.013435568815504846,0.46646151431644634
199,0.009487323596779174,0.47629946558115077
200,0.00697186636663264,0.48257739067334626
201,0.0062746797299693974,0.48431844540403
202,0.006667542828834295,0.48333731545747105
203,0.006276700861451954,0.4843133975471115
204,0.0065902360862467885,0.4835303701527869
205,0.006267980521967373,0.4843351769675063
206,0.0065161759567101615,0.48371532183696586
207,0.011699222687450626,0.47078525797124393
208,0.009965782776477632,0.47510614280664515
209,0.006060583365308167,0.4848531775774901
210,0.006500592407154596,0.4837542394834077
211,0.013746497277269985,0.4656877718884742
212,0.009930094810021932,0.4751951423527211
213,0.01091173390046782,0.4727477000562491
214,0.006877667167762606,0.48281260657434205
215,0.015309155370924206,0.4618016870113999
216,0.01014118720217461,0.4746687379422634
217,0.006153502266482248,0.48462109678794996
218,0.006005690006786233,0.48499028617059237
219,0.006100381691881955,0.48475377366939254
220,0.00597277728930941,0.48507249422010074
221,0.00605740828369086,0.48486110800087656
222,0.005950218271440421,0.485128841685928
223,0.0060128568440956124,0.4849723852428589
224,0.005918915143386488,0.48520703064211457
225,0.005969794840162496,0.48507994370047985
226,0.005897819071171834,0.4852597248219558
227,0.005922195701206073,0.48519883643045136
228,0.011582570357430627,0.4710759030394452
229,0.009318645658863811,0.4767202296574631
230,0.005617383871347033,0.4859602320016607
231,0.005917279097658029,0.48521111717723403
232,0.005614405981594475,0.4859676708592817
233,0.005855832467202471,0.48536460075271665
234,0.005606096519668652,0.4859884281764368
235,0.005799902868741541,0.4855043060904342
236,0.00911885541627891,0.47721864552117166
237,0.006056546034817523,0.4848632616471869
238,0.00544714871288761,0.4863854943999658
239,0.007927155368968132,0.48019248299351197
240,0.012052386936747043,0.4699054532981335
241,0.008185095116853103,0.4795486788685947
242,0.01330858557777471,0.46677755748245014
243,0.008373756340620186,0.4790778332037072
244,0.010205171435629911,0.4745091905194615
245,0.005507247427413171,0.48623536024241965
246,0.00542083296418283,0.4864512352293884
247,0.0054699038308619235,0.4863286489590773
248,0.005396840941751663,0.4865111714380867
249,0.005434161464426157,0.4864179385059563
